"Rank","Player","Team","Position","Points","Games","Avg"
"1","Lamar Jackson","BAL","QB","421.7","15","28.1"
"2","Christian McCaffrey","CAR","RB","413.2","16","25.8"
"6","Deshaun Watson","HOU","QB","332.5","15","22.2"
"3","Dak Prescott","DAL","QB","348.9","16","21.8"
"79","Matthew Stafford","DET","QB","171.5","8","21.4"
"4","Jameis Winston","NO","QB","335.2","16","21.0"
"10","Patrick Mahomes","KC","QB","291.9","14","20.9"
"5","Russell Wilson","SEA","QB","333.5","16","20.8"
"33","Drew Brees","NO","QB","228.8","11","20.8"
"31","Ryan Tannehill","TEN","QB","230.2","12","19.2"
"12","Derrick Henry","TEN","RB","285.6","15","19.0"
"18","Dalvin Cook","MIN","RB","265.9","14","19.0"
"7","Michael Thomas","NO","WR","300.1","16","18.8"
"16","Matt Ryan","ATL","QB","281.4","15","18.8"
"8","Josh Allen","BUF","QB","297.5","16","18.6"
"9","Kyler Murray","ARI","QB","297.3","16","18.6"
"11","Aaron Jones","GB","RB","290.3","16","18.1"
"13","Ezekiel Elliott","DAL","RB","284.7","16","17.8"
"14","Carson Wentz","PHI","QB","282.9","16","17.7"
"15","Aaron Rodgers","GB","QB","282.3","16","17.6"
"34","Daniel Jones","NYG","QB","226.9","13","17.5"
"17","Tom Brady","TB","QB","271.6","16","17.0"
"23","Ryan Fitzpatrick","MIA","QB","254.7","15","17.0"
"29","Gardner Minshew II","JAC","QB","235.3","14","16.8"
"39","Saquon Barkley","NYG","RB","218.1","13","16.8"
"25","Kirk Cousins","MIN","QB","250.4","15","16.7"
"30","Chris Godwin","TB","WR","233.1","14","16.7"
"41","Andy Dalton","DAL","QB","217.0","13","16.7"
"19","Jared Goff","LAR","QB","263.5","16","16.5"
"20","Austin Ekeler","LAC","RB","263.0","16","16.4"
"21","Jimmy Garoppolo","SF","QB","260.2","16","16.3"
"22","Philip Rivers","IND","QB","255.5","16","16.0"
"24","Derek Carr","LV","QB","252.5","16","15.8"
"26","Baker Mayfield","CLE","QB","250.3","16","15.6"
"54","Sam Darnold","NYJ","QB","202.1","13","15.6"
"281","Jeff Driskel","DEN","QB","61.7","4","15.4"
"32","Mark Ingram II","BAL","RB","229.5","15","15.3"
"55","Mike Evans","TB","WR","199.2","13","15.3"
"445","Wes Hills","FA","RB","15.2","1","15.2"
"35","Julio Jones","ATL","WR","224.6","15","15.0"
"37","Jacoby Brissett","IND","QB","223.2","15","14.9"
"47","Alvin Kamara","NO","RB","208.0","14","14.9"
"27","Nick Chubb","CLE","RB","237.2","16","14.8"
"28","New England Patriots","NE","DST","236.0","16","14.8"
"38","Leonard Fournette","JAC","RB","221.4","15","14.8"
"291","Eli Manning","FA","QB","59.3","4","14.8"
"40","DeAndre Hopkins","ARI","WR","217.5","15","14.5"
"43","Chris Carson","SEA","RB","214.1","15","14.3"
"80","Davante Adams","GB","WR","171.2","12","14.3"
"44","Mitch Trubisky","CHI","QB","212.8","15","14.2"
"255","Drew Lock","DEN","QB","71.1","5","14.2"
"450","Antonio Brown","FA","WR","14.1","1","14.1"
"36","Cooper Kupp","LAR","WR","223.5","16","14.0"
"68","Josh Jacobs","LV","RB","181.6","13","14.0"
"59","Kyle Allen","WAS","QB","193.4","14","13.8"
"53","Todd Gurley","ATL","RB","203.9","15","13.6"
"42","Kenny Golladay","DET","WR","215.5","16","13.5"
"62","Kenyan Drake","ARI","RB","189.2","14","13.5"
"91","Melvin Gordon","DEN","RB","159.8","12","13.3"
"92","Tyreek Hill","KC","WR","159.3","12","13.3"
"45","DeVante Parker","MIA","WR","210.2","16","13.1"
"46","Keenan Allen","LAC","WR","209.5","16","13.1"
"48","Joe Mixon","CIN","RB","207.9","16","13.0"
"49","Amari Cooper","DAL","WR","207.0","16","12.9"
"50","Julian Edelman","NE","WR","206.3","16","12.9"
"51","Allen Robinson","CHI","WR","205.9","16","12.9"
"52","Travis Kelce","KC","TE","205.8","16","12.9"
"71","George Kittle","SF","TE","180.0","14","12.9"
"134","James Conner","PIT","RB","128.5","10","12.9"
"72","Michael Gallup","DAL","WR","179.7","14","12.8"
"83","Calvin Ridley","ATL","WR","165.5","13","12.7"
"61","D.J. Chark","JAC","WR","189.3","15","12.6"
"63","Robert Woods","LAR","WR","187.9","15","12.5"
"64","D.J. Moore","CAR","WR","187.0","15","12.5"
"76","Marlon Mack","IND","RB","174.3","14","12.5"
"88","Marvin Jones","DET","WR","162.9","13","12.5"
"219","Marcus Mariota","LV","QB","87.1","7","12.4"
"66","John Brown","BUF","WR","183.8","15","12.3"
"56","Jarvis Landry","CLE","WR","195.9","16","12.2"
"285","David Blough","DET","QB","60.9","5","12.2"
"57","Tyler Lockett","SEA","WR","194.2","16","12.1"
"58","Miles Sanders","PHI","RB","193.7","16","12.1"
"67","Le'Veon Bell","NYJ","RB","182.0","15","12.1"
"69","Stefon Diggs","BUF","WR","180.6","15","12.0"
"81","Devonta Freeman","FA","RB","168.1","14","12.0"
"60","A.J. Brown","TEN","WR","191.1","16","11.9"
"98","Austin Hooper","CLE","TE","154.2","13","11.9"
"151","Mason Rudolph","PIT","QB","117.8","10","11.8"
"65","Courtland Sutton","DEN","WR","186.4","16","11.7"
"75","Mark Andrews","BAL","TE","175.2","15","11.7"
"88","Terry McLaurin","WAS","WR","162.9","14","11.6"
"135","Golden Tate","NYG","WR","127.7","11","11.6"
"201","Younghoe Koo","ATL","K","93.0","8","11.6"
"138","Damien Williams","KC","RB","126.1","11","11.5"
"356","Brandon Allen","CIN","QB","34.5","3","11.5"
"78","Zach Ertz","PHI","TE","171.6","15","11.4"
"70","Phillip Lindsay","DEN","RB","180.2","16","11.3"
"161","Sterling Shepard","NYG","WR","113.3","10","11.3"
"213","Joe Flacco","NYJ","QB","89.9","8","11.2"
"73","Tyler Boyd","CIN","WR","177.9","16","11.1"
"124","Devin Singletary","BUF","RB","133.4","12","11.1"
"74","Darren Waller","LV","TE","176.0","16","11.0"
"85","James White","NE","RB","164.2","15","11.0"
"217","Evan Engram","NYG","TE","87.4","8","10.9"
"77","Pittsburgh Steelers","PIT","DST","173.0","16","10.8"
"173","Case Keenum","CLE","QB","108.4","10","10.8"
"300","Derrius Guice","FA","RB","53.9","5","10.8"
"366","DeSean Jackson","PHI","WR","32.4","3","10.8"
"90","Deebo Samuel","SF","WR","160.6","15","10.7"
"178","Jordan Howard","MIA","RB","106.4","10","10.6"
"304","Kai Forbath","FA","K","53.0","5","10.6"
"82","Harrison Butker","KC","K","166.0","16","10.4"
"105","Jared Cook","NO","TE","146.0","14","10.4"
"106","Darius Slayton","NYG","WR","146.0","14","10.4"
"278","Will Dissly","SEA","TE","62.4","6","10.4"
"84","Odell Beckham Jr.","CLE","WR","164.3","16","10.3"
"120","Christian Kirk","ARI","WR","134.2","13","10.3"
"183","T.Y. Hilton","IND","WR","102.6","10","10.3"
"86","San Francisco 49ers","SF","DST","163.0","16","10.2"
"86","Wil Lutz","NO","K","163.0","16","10.2"
"146","Hunter Henry","LAC","TE","122.7","12","10.2"
"101","Cole Beasley","BUF","WR","151.3","15","10.1"
"185","Alshon Jeffery","PHI","WR","100.7","10","10.1"
"235","John Ross","CIN","WR","81.0","8","10.1"
"167","Will Fuller","HOU","WR","109.5","11","10.0"
"237","Kerryon Johnson","DET","RB","80.0","8","10.0"
"93","Jamison Crowder","NYJ","WR","158.7","16","9.9"
"94","Raheem Mostert","SF","RB","158.2","16","9.9"
"95","D.K. Metcalf","SEA","WR","158.1","16","9.9"
"96","David Montgomery","CHI","RB","157.9","16","9.9"
"187","Adam Thielen","MIN","WR","99.4","10","9.9"
"341","Nick Foles","CHI","QB","39.7","4","9.9"
"99","Baltimore Ravens","BAL","DST","154.0","16","9.6"
"100","Justin Tucker","BAL","K","153.0","16","9.6"
"144","David Johnson","HOU","RB","123.5","13","9.5"
"102","Ronald Jones II","TB","RB","150.8","16","9.4"
"243","Preston Williams","MIA","WR","74.8","8","9.4"
"97","Emmanuel Sanders","NO","WR","157.3","17","9.3"
"103","Carlos Hyde","SEA","RB","148.2","16","9.3"
"205","Teddy Bridgewater","CAR","QB","92.5","10","9.3"
"227","Dwayne Haskins","WAS","QB","83.7","9","9.3"
"104","Sony Michel","NE","RB","146.6","16","9.2"
"229","Kareem Hunt","CLE","RB","82.9","9","9.2"
"106","Los Angeles Rams","LAR","DST","146.0","16","9.1"
"108","Matt Gay","TB","K","145.0","16","9.1"
"115","Mike Williams","LAC","WR","136.8","15","9.1"
"137","Jamaal Williams","GB","RB","126.8","14","9.1"
"109","Curtis Samuel","CAR","WR","144.7","16","9.0"
"110","Minnesota Vikings","MIN","DST","142.0","16","8.9"
"141","Tevin Coleman","SF","RB","124.9","14","8.9"
"154","Robbie Gould","SF","K","116.0","13","8.9"
"397","Ryan Finley","CIN","QB","26.7","3","8.9"
"436","Cam Newton","NE","QB","17.7","2","8.9"
"111","Latavius Murray","NO","RB","140.2","16","8.8"
"145","Marquise Brown","BAL","WR","123.4","14","8.8"
"112","Larry Fitzgerald","ARI","WR","139.9","16","8.7"
"113","Adrian Peterson","WAS","RB","138.5","16","8.7"
"147","Tyrell Williams","LV","WR","122.1","14","8.7"
"114","New York Jets","NYJ","DST","137.0","16","8.6"
"149","Breshad Perriman","NYJ","WR","120.1","14","8.6"
"288","Nick Folk","FA","K","60.0","7","8.6"
"116","Robby Anderson","CAR","WR","136.3","16","8.5"
"117","Kansas City Chiefs","KC","DST","136.0","16","8.5"
"117","Zane Gonzalez","ARI","K","136.0","16","8.5"
"136","Randall Cobb","HOU","WR","127.4","15","8.5"
"119","New Orleans Saints","NO","DST","135.0","16","8.4"
"121","Josh Lambo","JAC","K","134.0","16","8.4"
"121","Tampa Bay Buccaneers","TB","DST","134.0","16","8.4"
"123","Diontae Johnson","PIT","WR","133.6","16","8.4"
"140","Tyler Higbee","LAR","TE","125.9","15","8.4"
"168","Hunter Renfrow","LV","WR","109.0","13","8.4"
"242","Taylor Gabriel","FA","WR","75.8","9","8.4"
"125","Chris Conley","JAC","WR","133.0","16","8.3"
"126","Matt Prater","DET","K","133.0","16","8.3"
"127","Duke Johnson","HOU","RB","132.0","16","8.3"
"127","Dan Bailey","MIN","K","132.0","16","8.3"
"143","Dede Westbrook","JAC","WR","123.7","15","8.3"
"207","Chase McLaughlin","IND","K","91.0","11","8.3"
"365","Stephen Gostkowski","FA","K","33.0","4","8.3"
"129","Tennessee Titans","TEN","DST","131.0","16","8.2"
"129","Brandon McManus","DEN","K","131.0","16","8.2"
"131","Buffalo Bills","BUF","DST","130.0","16","8.1"
"131","Joey Slye","CAR","K","130.0","16","8.1"
"133","Greg Zuerlein","DAL","K","129.0","16","8.1"
"179","Brett Maher","NYJ","K","105.0","13","8.1"
"180","LeSean McCoy","TB","RB","104.6","13","8.1"
"162","Sammy Watkins","KC","WR","112.5","14","8.0"
"139","Chris Boswell","PIT","K","126.0","16","7.9"
"142","Tarik Cohen","CHI","RB","124.4","16","7.8"
"156","Dallas Goedert","PHI","TE","115.7","15","7.7"
"186","Kenny Stills","HOU","WR","100.1","13","7.7"
"206","JuJu Smith-Schuster","PIT","WR","92.2","12","7.7"
"225","Boston Scott","PHI","RB","84.9","11","7.7"
"345","Jonathan Williams","DET","RB","37.9","5","7.6"
"148","Royce Freeman","DEN","RB","120.7","16","7.5"
"150","Seattle Seahawks","SEA","DST","118.0","16","7.4"
"163","James Washington","PIT","WR","111.5","15","7.4"
"290","Devlin Hodges","PIT","QB","59.4","8","7.4"
"152","Jason Myers","SEA","K","117.0","16","7.3"
"152","Randy Bullock","CIN","K","117.0","16","7.3"
"154","Austin Seibert","CLE","K","116.0","16","7.3"
"166","Danny Amendola","DET","WR","109.6","15","7.3"
"157","Jason Sanders","MIA","K","115.6","16","7.2"
"158","Mason Crosby","GB","K","115.0","16","7.2"
"159","Zach Pascal","IND","WR","114.8","16","7.2"
"198","Matt Breida","MIA","RB","93.8","13","7.2"
"388","Duke Williams","BUF","WR","28.6","4","7.2"
"160","Indianapolis Colts","IND","DST","114.0","16","7.1"
"252","Rashaad Penny","SEA","RB","71.3","10","7.1"
"274","Michael Badgley","LAC","K","64.0","9","7.1"
"332","Bo Scarbrough","DET","RB","42.7","6","7.1"
"335","Matt Moore","KC","QB","42.3","6","7.1"
"191","Greg Olsen","SEA","TE","97.7","14","7.0"
"390","Chase Daniel","DET","QB","28.0","4","7.0"
"164","Mike Gesicki","MIA","TE","110.5","16","6.9"
"165","Ka'imi Fairbairn","HOU","K","110.0","16","6.9"
"193","Brandin Cooks","HOU","WR","96.5","14","6.9"
"357","James O'Shaughnessy","JAC","TE","34.3","5","6.9"
"452","Ben Roethlisberger","PIT","QB","13.7","2","6.9"
"168","Jake Elliott","PHI","K","109.0","16","6.8"
"168","Philadelphia Eagles","PHI","DST","109.0","16","6.8"
"171","Peyton Barber","WAS","RB","108.5","16","6.8"
"172","Jason Witten","LV","TE","108.4","16","6.8"
"174","Green Bay Packers","GB","DST","108.0","16","6.8"
"174","Dustin Hopkins","WAS","K","108.0","16","6.8"
"245","Nelson Agholor","LV","WR","74.5","11","6.8"
"176","Stephen Hauschka","BUF","K","107.0","16","6.7"
"177","Mecole Hardman","KC","WR","106.5","16","6.7"
"216","Rex Burkhead","NE","RB","87.6","13","6.7"
"237","Adam Vinatieri","FA","K","80.0","12","6.7"
"247","Jacob Hollister","SEA","TE","73.4","11","6.7"
"286","Darrel Williams","KC","RB","60.3","9","6.7"
"287","Kaden Smith","NYG","TE","60.3","9","6.7"
"249","Chris Thompson","JAC","RB","72.6","11","6.6"
"321","Greg Ward","PHI","WR","45.9","7","6.6"
"181","DeAndre Washington","KC","RB","103.9","16","6.5"
"256","Eric Ebron","PIT","TE","71.0","11","6.5"
"182","Eddy Pineiro","CHI","K","103.0","16","6.4"
"184","Anthony Miller","CHI","WR","101.5","16","6.3"
"196","Mohamed Sanu","NE","WR","94.6","15","6.3"
"234","Auden Tate","CIN","WR","81.5","13","6.3"
"328","Delanie Walker","FA","TE","44.0","7","6.3"
"188","Dallas Cowboys","DAL","DST","99.0","16","6.2"
"188","Denver Broncos","DEN","DST","99.0","16","6.2"
"188","Jacksonville Jaguars","JAC","DST","99.0","16","6.2"
"199","Corey Davis","TEN","WR","93.6","15","6.2"
"201","Sam Ficken","NYJ","K","93.0","15","6.2"
"221","Phillip Dorsett","SEA","WR","86.3","14","6.2"
"235","Ryan Griffin","NYJ","TE","81.0","13","6.2"
"192","Daniel Carlson","LV","K","97.0","16","6.1"
"265","Demaryius Thomas","FA","WR","67.3","11","6.1"
"194","Chicago Bears","CHI","DST","96.0","16","6.0"
"195","Nyheim Hines","IND","RB","95.9","16","6.0"
"319","Matt Bryant","FA","K","48.0","8","6.0"
"377","Mike Nugent","FA","K","30.0","5","6.0"
"435","AJ McCarron","HOU","QB","17.9","3","6.0"
"197","Kyle Rudolph","MIN","TE","94.2","16","5.9"
"231","Jaylen Samuels","PIT","RB","81.9","14","5.9"
"240","Chase Edmonds","ARI","RB","76.8","13","5.9"
"200","Darren Fells","HOU","TE","93.1","16","5.8"
"203","Taysom Hill","NO","QB","92.7","16","5.8"
"204","Steven Sims","WAS","WR","92.5","16","5.8"
"414","Vernon Davis","FA","TE","23.3","4","5.8"
"474","J.J. Nelson","SF","WR","11.6","2","5.8"
"207","Carolina Panthers","CAR","DST","91.0","16","5.7"
"207","Noah Fant","DEN","TE","91.0","16","5.7"
"261","Adam Humphries","TEN","WR","68.0","12","5.7"
"277","Tre'Quan Smith","NO","WR","62.4","11","5.7"
"210","Jack Doyle","IND","TE","90.3","16","5.6"
"211","Houston Texans","HOU","DST","90.0","16","5.6"
"211","Atlanta Falcons","ATL","DST","90.0","16","5.6"
"214","Gus Edwards","BAL","RB","89.1","16","5.6"
"282","Josh Gordon","FA","WR","61.2","11","5.6"
"390","Cairo Santos","FA","K","28.0","5","5.6"
"215","Frank Gore","NYJ","RB","88.4","16","5.5"
"218","Jonnu Smith","TEN","TE","87.2","16","5.5"
"233","Tony Pollard","DAL","RB","81.7","15","5.5"
"252","Gerald Everett","LAR","TE","71.3","13","5.5"
"220","Cleveland Browns","CLE","DST","87.0","16","5.4"
"222","Washington Football Team","WAS","DST","86.0","16","5.4"
"272","T.J. Hockenson","DET","TE","64.7","12","5.4"
"317","Marcus Johnson","IND","WR","48.2","9","5.4"
"223","Allen Lazard","GB","WR","85.3","16","5.3"
"224","Tyler Eifert","JAC","TE","85.1","16","5.3"
"225","Demarcus Robinson","KC","WR","84.9","16","5.3"
"228","New York Giants","NYG","DST","83.0","16","5.2"
"230","Kendrick Bourne","SF","WR","82.8","16","5.2"
"263","Albert Wilson","MIA","WR","67.9","13","5.2"
"279","Brian Hill","ATL","RB","62.2","12","5.2"
"232","Jimmy Graham","CHI","TE","81.7","16","5.1"
"298","Damiere Byrd","NE","WR","55.9","11","5.1"
"309","Paul Richardson Jr.","FA","WR","50.5","10","5.1"
"239","Willie Snead","BAL","WR","79.6","16","5.0"
"405","Brian Hoyer","NE","QB","25.1","5","5.0"
"425","Devin Smith","DAL","WR","19.8","4","5.0"
"276","Alexander Mattison","MIN","RB","63.4","13","4.9"
"355","Mark Walton","FA","RB","34.5","7","4.9"
"241","Los Angeles Chargers","LAC","DST","76.0","16","4.8"
"264","Allen Hurns","MIA","WR","67.6","14","4.8"
"266","O.J. Howard","TB","TE","66.9","14","4.8"
"360","Matt Schaub","ATL","QB","33.9","7","4.8"
"364","N'Keal Harry","NE","WR","33.4","7","4.8"
"387","Dan Arnold","ARI","TE","28.7","6","4.8"
"244","Alex Erickson","CIN","WR","74.7","16","4.7"
"488","Marshawn Lynch","FA","RB","9.4","2","4.7"
"530","Devin Funchess","GB","WR","4.7","1","4.7"
"246","Russell Gage","ATL","WR","74.3","16","4.6"
"248","Cameron Brate","TB","TE","73.1","16","4.6"
"260","Tajae Sharpe","MIN","WR","69.4","15","4.6"
"273","Vance McDonald","PIT","TE","64.5","14","4.6"
"250","Aldrick Rosas","FA","K","72.0","16","4.5"
"251","Jordan Akins","HOU","TE","71.8","16","4.5"
"294","Foster Moreau","LV","TE","57.9","13","4.5"
"432","Cody Parkey","FA","K","18.0","4","4.5"
"254","Marquez Valdes-Scantling","GB","WR","71.1","16","4.4"
"257","Ted Ginn","CHI","WR","70.9","16","4.4"
"258","Blake Jarwin","DAL","TE","70.0","16","4.4"
"258","Las Vegas Raiders","LV","DST","70.0","16","4.4"
"270","Dawson Knox","BUF","TE","65.7","15","4.4"
"354","Bennie Fowler III","NO","WR","34.8","8","4.4"
"374","Ito Smith","ATL","RB","30.8","7","4.4"
"261","Arizona Cardinals","ARI","DST","68.0","16","4.3"
"297","Benny Snell Jr.","PIT","RB","56.4","13","4.3"
"332","Wayne Gallman","NYG","RB","42.7","10","4.3"
"267","J.D. McKissic","WAS","RB","66.8","16","4.2"
"268","Keelan Cole","JAC","WR","66.7","16","4.2"
"293","Malcolm Brown","LAR","RB","58.1","14","4.2"
"336","Keke Coutee","HOU","WR","41.8","10","4.2"
"381","Parris Campbell","IND","WR","29.1","7","4.2"
"269","Detroit Lions","DET","DST","66.0","16","4.1"
"271","Jalen Richard","LV","RB","64.8","16","4.1"
"323","Jeff Wilson","SF","RB","45.4","11","4.1"
"347","Isaiah Ford","MIA","WR","37.0","9","4.1"
"275","Olabisi Johnson","MIN","WR","63.5","16","4.0"
"349","Marvin Hall","DET","WR","36.3","9","4.0"
"392","Myles Gaskin","MIA","RB","27.9","7","4.0"
"280","Hayden Hurst","ATL","TE","61.9","16","3.9"
"396","Ryan Succop","FA","K","27.0","7","3.9"
"415","T.J. Yeldon","BUF","RB","23.2","6","3.9"
"473","Luke Falk","FA","QB","11.6","3","3.9"
"283","Irv Smith Jr.","MIN","TE","61.1","16","3.8"
"284","Cincinnati Bengals","CIN","DST","61.0","16","3.8"
"296","Patrick Laird","MIA","RB","56.7","15","3.8"
"375","Qadree Ollison","ATL","RB","30.2","8","3.8"
"397","Justin Jackson","LAC","RB","26.7","7","3.8"
"416","Josh Rosen","MIA","QB","23.0","6","3.8"
"427","Joshua Perkins","PHI","TE","19.2","5","3.8"
"475","TJ Jones","FA","WR","11.3","3","3.8"
"289","Nick Boyle","BAL","TE","59.6","16","3.7"
"292","Geronimo Allison","DET","WR","58.4","16","3.7"
"306","Ricky Seals-Jones","KC","TE","51.9","14","3.7"
"324","Kalen Ballage","MIA","RB","44.8","12","3.7"
"378","Tim Patrick","DEN","WR","29.8","8","3.7"
"295","Dare Ogunbowale","TB","RB","57.8","16","3.6"
"299","Cody Latimer","WAS","WR","54.0","15","3.6"
"310","Jordan Wilkins","IND","RB","50.5","14","3.6"
"348","Jakeem Grant","MIA","WR","36.4","10","3.6"
"351","KeeSean Johnson","ARI","WR","35.5","10","3.6"
"367","Marquise Goodwin","PHI","WR","32.1","9","3.6"
"552","Codey McElroy","TB","TE","3.5","1","3.5"
"301","Dion Lewis","NYG","RB","53.8","16","3.4"
"308","David Moore","SEA","WR","51.1","15","3.4"
"338","Kyle Juszczyk","SF","RB","40.6","12","3.4"
"358","Scott Miller","TB","WR","34.1","10","3.4"
"410","Dontrelle Inman","WAS","WR","24.1","7","3.4"
"420","Ryan Izzo","NE","TE","20.4","6","3.4"
"302","Giovani Bernard","CIN","RB","53.4","16","3.3"
"303","Josh Hill","NO","TE","53.1","16","3.3"
"311","Isaiah McKenzie","BUF","WR","49.8","15","3.3"
"315","Jakobi Meyers","NE","WR","48.9","15","3.3"
"330","Pharoh Cooper","CAR","WR","43.0","13","3.3"
"484","Spencer Ware","FA","RB","9.8","3","3.3"
"305","Kelvin Harmon","WAS","WR","51.9","16","3.2"
"307","Josh Reynolds","LAR","WR","51.4","16","3.2"
"342","Trey Quinn","WAS","WR","38.8","12","3.2"
"371","Rhett Ellison","FA","TE","31.7","10","3.2"
"463","David Njoku","CLE","TE","12.6","4","3.2"
"312","DaeSean Hamilton","DEN","WR","49.7","16","3.1"
"313","C.J. Uzomah","CIN","TE","49.7","16","3.1"
"314","Seth Roberts","CAR","WR","49.6","16","3.1"
"320","Brandon Bolden","NE","RB","46.4","15","3.1"
"346","Chester Rogers","MIA","WR","37.7","12","3.1"
"407","Kalif Raymond","TEN","WR","25.0","8","3.1"
"316","Mike Boone","MIN","RB","48.5","16","3.0"
"318","Ty Johnson","DET","RB","48.2","16","3.0"
"490","Matt Barkley","BUF","QB","9.0","3","3.0"
"490","Greg Joseph","TEN","K","9.0","3","3.0"
"337","Tavon Austin","SF","WR","40.9","14","2.9"
"339","Vyncint Smith","NYJ","WR","40.2","14","2.9"
"340","Jaron Brown","FA","WR","40.0","14","2.9"
"519","Deontay Burnett","PHI","WR","5.8","2","2.9"
"322","Justice Hill","BAL","RB","45.5","16","2.8"
"325","Miles Boykin","BAL","WR","44.3","16","2.8"
"326","Ryquell Armstead","JAC","RB","44.2","16","2.8"
"327","Miami Dolphins","MIA","DST","44.0","16","2.8"
"334","Demetrius Harris","CHI","TE","42.4","15","2.8"
"440","Jesper Horsted","CHI","TE","16.7","6","2.8"
"329","Jeremy Sprinkle","WAS","TE","43.1","16","2.7"
"331","Jarius Wright","FA","WR","42.9","16","2.7"
"501","Chad Beebe","MIN","WR","8.0","3","2.7"
"523","Will Grier","CAR","QB","5.4","2","2.7"
"526","Colt McCoy","NYG","QB","5.3","2","2.7"
"343","Charles Clay","FA","TE","38.7","15","2.6"
"383","Dante Pettis","SF","WR","29.0","11","2.6"
"402","Benjamin Watson","FA","TE","25.8","10","2.6"
"411","C.J. Prosise","FA","RB","23.8","9","2.6"
"432","Robert Griffin","BAL","QB","18.0","7","2.6"
"443","Tommy Sweeney","BUF","TE","15.4","6","2.6"
"459","Antonio Callaway","FA","WR","12.9","5","2.6"
"344","Malik Turner","GB","WR","38.0","15","2.5"
"369","Damion Ratley","CLE","WR","32.0","13","2.5"
"352","Zay Jones","LV","WR","35.4","15","2.4"
"359","Jake Kumerow","GB","WR","33.9","14","2.4"
"430","Keelan Doss","LV","WR","18.8","8","2.4"
"350","Ty Long","LAC","K","36.0","16","2.3"
"367","Dontrell Hilliard","CLE","RB","32.1","14","2.3"
"395","Darwin Thompson","KC","RB","27.6","12","2.3"
"412","Nick O'Leary","FA","TE","23.4","10","2.3"
"451","Darren Sproles","FA","RB","14.0","6","2.3"
"453","Kerrith Whyte Jr.","PIT","RB","13.6","6","2.3"
"352","Justin Watson","TB","WR","35.4","16","2.2"
"363","Anthony Firkser","TEN","TE","33.4","15","2.2"
"458","Geoff Swaim","FA","TE","13.0","6","2.2"
"493","Tra Carson","FA","RB","8.6","4","2.2"
"509","Jonathan Hilliman","FA","RB","6.7","3","2.2"
"535","Ishmael Hyman","CAR","WR","4.4","2","2.2"
"536","C.J. Anderson","FA","RB","4.3","2","2.2"
"361","Maxx Williams","ARI","TE","33.7","16","2.1"
"362","Javon Wims","CHI","WR","33.6","16","2.1"
"373","Andy Isabella","ARI","WR","30.9","15","2.1"
"379","Bilal Powell","FA","RB","29.7","14","2.1"
"386","Laquon Treadwell","ATL","WR","28.9","14","2.1"
"403","Matt LaCosse","NE","TE","25.6","12","2.1"
"574","Rashard Davis","TEN","WR","2.1","1","2.1"
"370","Ameer Abdullah","MIN","RB","31.8","16","2.0"
"372","Logan Thomas","WAS","TE","31.3","16","2.0"
"483","Riley Ridley","CHI","WR","9.9","5","2.0"
"514","Brett Hundley","ARI","QB","6.1","3","2.0"
"376","Cordarrelle Patterson","CHI","WR","30.1","16","1.9"
"419","Robert Tonyan","GB","TE","21.0","11","1.9"
"422","Hale Hentges","WAS","TE","20.3","11","1.9"
"428","Olamide Zaccheaus","ATL","WR","19.0","10","1.9"
"438","Trey Edmunds","PIT","RB","17.0","9","1.9"
"380","Marcedes Lewis","GB","TE","29.1","16","1.8"
"381","CJ Ham","MIN","RB","29.1","16","1.8"
"384","Byron Pringle","KC","WR","29.0","16","1.8"
"384","Justin Hardy","FA","WR","29.0","16","1.8"
"388","Ross Dwelley","SF","TE","28.6","16","1.8"
"448","Brandon Zylstra","CAR","WR","14.6","8","1.8"
"525","Jordan Matthews","FA","WR","5.3","3","1.8"
"392","J.J. Arcega-Whiteside","PHI","WR","27.9","16","1.7"
"394","Ian Thomas","CAR","TE","27.6","16","1.7"
"408","Trevor Davis","CHI","WR","24.4","14","1.7"
"408","Jeff Heuerman","FA","TE","24.4","14","1.7"
"423","Seth DeValve","FA","TE","20.0","12","1.7"
"443","Trey Burton","IND","TE","15.4","9","1.7"
"529","Ross Travis","NYJ","TE","5.1","3","1.7"
"554","Ryan Grant","FA","WR","3.4","2","1.7"
"577","Jeff Smith","NYJ","WR","1.7","1","1.7"
"399","Reggie Bonnafon","CAR","RB","26.3","16","1.6"
"400","Derek Carrier","LV","TE","26.0","16","1.6"
"401","Ty Montgomery","NO","RB","25.8","16","1.6"
"404","Jaeden Graham","ATL","TE","25.4","16","1.6"
"405","Nick Vannett","DEN","TE","25.1","16","1.6"
"420","Darrell Henderson","LAR","RB","20.4","13","1.6"
"448","Christian Blake","ATL","WR","14.6","9","1.6"
"460","Andy Janovich","CLE","RB","12.8","8","1.6"
"500","Tevin Jones","DAL","WR","8.1","5","1.6"
"557","Eric Saubert","CHI","TE","3.1","2","1.6"
"413","Richie James","SF","WR","23.4","16","1.5"
"454","Stephen Carlson","CLE","TE","13.6","9","1.5"
"470","Adam Shaheen","MIA","TE","11.9","8","1.5"
"479","Chris Hogan","NYJ","WR","10.7","7","1.5"
"417","Travis Homer","SEA","RB","22.5","16","1.4"
"418","Jesse James","DET","TE","22.2","16","1.4"
"447","Ben Braunecker","FA","TE","14.9","11","1.4"
"455","Rashard Higgins","CLE","WR","13.5","10","1.4"
"539","Mike Glennon","JAC","QB","4.2","3","1.4"
"541","Michael Crabtree","FA","WR","4.2","3","1.4"
"423","Andrew Beck","DEN","TE","20.0","16","1.3"
"428","Wendell Smallwood","PIT","RB","19.0","15","1.3"
"439","Deon Cain","PIT","WR","16.9","13","1.3"
"442","Tyler Kroft","BUF","TE","16.1","12","1.3"
"462","Damion Willis","CIN","WR","12.7","10","1.3"
"471","Luke Willson","SEA","TE","11.9","9","1.3"
"544","Russell Shepard","FA","WR","4.0","3","1.3"
"568","Dalyn Dawkins","TEN","RB","2.6","2","1.3"
"426","DeAndre Carter","HOU","WR","19.7","16","1.2"
"431","Virgil Green","LAC","TE","18.3","15","1.2"
"461","Troy Fumagalli","DEN","TE","12.8","11","1.2"
"504","Khari Blasingame","TEN","RB","7.4","6","1.2"
"507","Cedrick Wilson","DAL","WR","7.1","6","1.2"
"515","Travis Benjamin","SF","WR","6.0","5","1.2"
"530","Steven Mitchell Jr.","HOU","WR","4.7","4","1.2"
"432","MyCole Pruitt","TEN","TE","18.0","16","1.1"
"437","Mack Hollins","MIA","WR","17.5","16","1.1"
"469","Marcell Ateman","LV","WR","12.1","11","1.1"
"503","Chris Lacy","FA","WR","7.5","7","1.1"
"521","Alexander Hollins","MIN","WR","5.6","5","1.1"
"536","Paul Perkins","FA","RB","4.3","4","1.1"
"441","Daniel Brown","NYJ","TE","16.7","16","1.0"
"477","Javorius Allen","FA","RB","11.0","11","1.0"
"499","Clive Walford","FA","TE","8.1","8","1.0"
"543","C.J. Board","NYG","WR","4.1","4","1.0"
"446","Alec Ingold","LV","RB","15.1","16","0.9"
"455","Dan Vitale","NE","RB","13.5","15","0.9"
"465","Deonte Harris","NO","WR","12.5","14","0.9"
"468","Kenjon Barner","FA","RB","12.1","14","0.9"
"457","Mo Alie-Cox","IND","TE","13.3","16","0.8"
"463","J.P. Holtz","CHI","TE","12.6","15","0.8"
"465","Braxton Berrios","NYJ","WR","12.5","16","0.8"
"467","D'Ernest Johnson","CLE","RB","12.2","16","0.8"
"478","Robert Foster","BUF","WR","10.8","13","0.8"
"497","Mike Davis","CAR","RB","8.4","11","0.8"
"515","Tyrod Taylor","LAC","QB","6.0","8","0.8"
"560","Jay Ajayi","FA","RB","3.0","4","0.8"
"560","Josh Oliver","JAC","TE","3.0","4","0.8"
"472","Derek Watt","PIT","RB","11.7","16","0.7"
"476","Lee Smith","BUF","TE","11.1","16","0.7"
"480","Blake Bell","DAL","TE","10.7","15","0.7"
"493","Zach Line","FA","RB","8.6","12","0.7"
"493","Andre Patton","ARI","WR","8.6","12","0.7"
"501","Ventell Bryant","DAL","WR","8.0","12","0.7"
"507","DeAndrew White","FA","WR","7.1","10","0.7"
"509","Ryan Switzer","PIT","WR","6.7","9","0.7"
"511","Deon Yelder","KC","TE","6.5","10","0.7"
"511","Devine Ozigbo","JAC","RB","6.5","10","0.7"
"526","Geremy Davis","DET","WR","5.3","8","0.7"
"546","Da'Mari Scott","NYG","WR","3.7","5","0.7"
"587","Ricky Ortiz","FA","RB","1.3","2","0.7"
"481","Durham Smythe","MIA","TE","10.0","16","0.6"
"481","Trent Sherfield","ARI","WR","10.0","16","0.6"
"485","Tyler Conklin","MIN","TE","9.8","16","0.6"
"486","Khadarel Hodge","CLE","WR","9.6","16","0.6"
"486","Devontae Booker","LV","RB","9.6","16","0.6"
"489","Luke Stocker","ATL","TE","9.3","15","0.6"
"496","Troymaine Pope","FA","RB","8.4","14","0.6"
"498","Cethan Carter","CIN","TE","8.3","15","0.6"
"522","Drew Sample","CIN","TE","5.5","9","0.6"
"553","Marqise Lee","NE","WR","3.4","6","0.6"
"589","Josh Adams","NYJ","RB","1.2","2","0.6"
"589","Chris Herndon IV","NYJ","TE","1.2","2","0.6"
"589","Damien Harris","NE","RB","1.2","2","0.6"
"492","Alex Armah","CAR","RB","8.7","16","0.5"
"505","Patrick DiMarco","BUF","RB","7.3","16","0.5"
"511","Lance Kendricks","FA","TE","6.5","12","0.5"
"515","Brandon Wilson","CIN","RB","6.0","12","0.5"
"523","Taiwan Jones","BUF","RB","5.4","11","0.5"
"526","Jason Moore","LAC","WR","5.3","10","0.5"
"545","Donte Moncrief","FA","WR","3.8","8","0.5"
"546","Cam Sims","WAS","WR","3.7","8","0.5"
"560","Bobo Wilson","FA","WR","3.0","6","0.5"
"564","Robert Davis","PHI","WR","2.7","6","0.5"
"564","Zach Zenner","FA","RB","2.7","6","0.5"
"572","Cody Hollister","TEN","WR","2.3","5","0.5"
"579","John Ursua","SEA","WR","1.6","3","0.5"
"584","Roosevelt Nix","IND","RB","1.4","3","0.5"
"600","Josh Ferguson","FA","RB","0.9","2","0.5"
"506","Dwayne Washington","NO","RB","7.1","16","0.4"
"518","Trevon Wesco","NYJ","TE","5.9","16","0.4"
"519","Elijhaa Penny","NYG","RB","5.8","16","0.4"
"546","Nick Bawden","DET","RB","3.7","10","0.4"
"549","Pharaoh Brown","CLE","TE","3.7","9","0.4"
"550","Tanner Hudson","TB","TE","3.6","9","0.4"
"560","Josh Bellamy","NYJ","WR","3.0","7","0.4"
"572","Isaac Nauta","DET","TE","2.3","6","0.4"
"574","Scott Simonson","FA","TE","2.1","6","0.4"
"577","Sean Culkin","FA","TE","1.7","4","0.4"
"589","Dwayne Harris","FA","WR","1.2","3","0.4"
"593","Jaleel Scott","BAL","WR","1.1","3","0.4"
"607","Cyril Grayson","TB","WR","0.8","2","0.4"
"616","Alfred Morris","FA","RB","0.4","1","0.4"
"530","Diontae Spencer","DEN","WR","4.7","16","0.3"
"533","Johnny Mundt","LAR","TE","4.6","14","0.3"
"534","Johnny Holton","FA","WR","4.5","16","0.3"
"536","Cody Core","NYG","WR","4.3","16","0.3"
"539","Andre Roberts","BUF","WR","4.2","13","0.3"
"542","Anthony Sherman","KC","RB","4.1","16","0.3"
"550","Chris Moore","BAL","WR","3.6","14","0.3"
"555","T.J. Logan","TB","RB","3.3","12","0.3"
"556","Stanley Morgan Jr.","CIN","WR","3.3","11","0.3"
"557","Tyler Ervin","GB","RB","3.1","10","0.3"
"564","Darius Jennings","LAC","WR","2.7","8","0.3"
"570","Gunner Olszewski","NE","WR","2.4","8","0.3"
"593","Dexter Williams","GB","RB","1.1","4","0.3"
"596","Charles Jones","JAC","TE","1.0","4","0.3"
"596","Jakob Johnson","NE","RB","1.0","4","0.3"
"607","Josh McCown","FA","QB","0.8","3","0.3"
"607","Xavier Grimble","IND","TE","0.8","3","0.3"
"612","Ryan Griffin","TB","QB","0.6","2","0.3"
"557","Fred Brown","DEN","WR","3.1","13","0.2"
"564","Ashton Dulin","IND","WR","2.7","13","0.2"
"568","Keith Smith","ATL","RB","2.6","16","0.2"
"571","Mike Thomas","CIN","WR","2.4","16","0.2"
"576","Levine Toilolo","NYG","TE","2.0","13","0.2"
"579","Samaje Perine","CIN","RB","1.6","7","0.2"
"579","Antony Auclair","TB","TE","1.6","8","0.2"
"584","Austin Carr","NO","WR","1.4","7","0.2"
"587","Jordan Thomas","HOU","TE","1.3","6","0.2"
"596","Tyrone Swoopes","FA","TE","1.0","6","0.2"
"600","Zach Gentry","PIT","TE","0.9","4","0.2"
"600","John Kelly","LAR","RB","0.9","5","0.2"
"611","Tony Brooks-James","MIN","RB","0.7","3","0.2"
"615","Sean Mannion","MIN","QB","0.5","3","0.2"
"617","James Develin","FA","RB","0.3","2","0.2"
"579","De'Anthony Thomas","BAL","WR","1.6","14","0.1"
"579","Chris Manhertz","CAR","TE","1.6","15","0.1"
"584","Ben Koyack","FA","TE","1.4","12","0.1"
"593","Dalton Schultz","DAL","TE","1.1","16","0.1"
"596","Buddy Howell","HOU","RB","1.0","16","0.1"
"600","Jordan Scarlett","CAR","RB","0.9","9","0.1"
"600","Senorise Perry","TEN","RB","0.9","11","0.1"
"600","Krishawn Hogan","FA","WR","0.9","8","0.1"
"600","Darrell Daniels","ARI","TE","0.9","11","0.1"
"607","Ryan Nall","CHI","RB","0.8","8","0.1"
"612","De'Lance Turner","FA","RB","0.6","9","0.1"
"612","Eric Tomlinson","NYG","TE","0.6","8","0.1"
"618","Trace McSorley","BAL","QB","0.1","1","0.1"
"618","Trevor Siemian","FA","QB","0.1","1","0.1"
"620","Spencer Schnell","FA","WR","0.0","1","0.0"
"620","Lil'Jordan Humphrey","NO","WR","0.0","5","0.0"
"620","Juwann Winfree","DEN","WR","0.0","3","0.0"
"620","James Franklin","FA","QB","0.0","1","0.0"
"620","Markus Wheaton","FA","WR","0.0","1","0.0"
"620","Jeremy McNichols","FA","RB","0.0","1","0.0"
"620","Brian Quick","FA","WR","0.0","1","0.0"
"620","Jester Weah","WAS","WR","0.0","1","0.0"
"620","Jaydon Mickens","FA","WR","0.0","1","0.0"
"620","Justin Hunter","FA","WR","0.0","1","0.0"
"620","Davion Davis","FA","WR","0.0","2","0.0"
"620","Craig Reynolds","FA","RB","0.0","3","0.0"
"620","Chad Williams","IND","WR","0.0","1","0.0"
"620","Bradley Marquez","FA","WR","0.0","1","0.0"
"620","Austin Walter","FA","RB","0.0","1","0.0"
"620","Trayveon Williams","CIN","RB","0.0","11","0.0"
"620","Josh Doctson","NYJ","WR","0.0","1","0.0"
"620","Jason Vander Laan","NO","TE","0.0","2","0.0"
"620","Taywan Taylor","CLE","WR","0.0","4","0.0"
"620","Nsimba Webster","LAR","WR","0.0","5","0.0"
"620","Ryan Santoso","FA","K","0.0","3","0.0"
"620","Gary Jennings Jr.","MIA","WR","0.0","1","0.0"
"620","Carson Meier","FA","TE","0.0","1","0.0"
"620","Travis Fulgham","GB","WR","0.0","3","0.0"
"620","Jalen Guyton","LAC","WR","0.0","3","0.0"
"620","Evan Baylis","GB","TE","0.0","5","0.0"
"620","Stephen Anderson","LAC","TE","0.0","1","0.0"
"620","Kendall Blanton","LAR","TE","0.0","1","0.0"
"620","Brandin Bryant","MIA","RB","0.0","4","0.0"
"620","David Fales","NYJ","QB","0.0","2","0.0"
"620","Deante Burton","DAL","WR","0.0","3","0.0"
"620","Alex Tanney","NYG","QB","0.0","1","0.0"
"620","Jace Sternberger","GB","TE","0.0","6","0.0"
"620","Mason Schreck","CIN","TE","0.0","3","0.0"
"620","Tony Jones","FA","WR","0.0","1","0.0"
"620","Chandler Cox","MIA","RB","0.0","13","0.0"
"620","Jonathan Stewart","FA","RB","0.0","1","0.0"
"620","Alex Collins","FA","RB","0.0","1","0.0"
"620","Kenneth Dixon","NYJ","RB","0.0","1","0.0"
"620","Lamar Miller","NE","RB","0.0","1","0.0"
"620","Jamaal Charles","FA","RB","0.0","1","0.0"
"620","Travaris Cadet","FA","RB","0.0","1","0.0"
"620","Trenton Cannon","CAR","RB","0.0","4","0.0"
"620","Justin Davis","FA","RB","0.0","1","0.0"
"620","Joe Williams","FA","RB","0.0","1","0.0"
"620","Christine Michael","FA","RB","0.0","1","0.0"
"620","Mike Gillislee","FA","RB","0.0","1","0.0"
"620","Donnie Ernsberger","FA","RB","0.0","1","0.0"
"620","Jordan Chunn","FA","RB","0.0","1","0.0"
"620","Derrick Coleman","FA","RB","0.0","1","0.0"
"620","Cameron Artis-Payne","FA","RB","0.0","1","0.0"
"620","DuJuan Harris","FA","RB","0.0","1","0.0"
"620","Ed Dickson","FA","TE","0.0","1","0.0"
"620","Neal Sterling","FA","TE","0.0","1","0.0"
"620","Logan Paulsen","FA","TE","0.0","1","0.0"
"620","Jordan Franks","CIN","TE","0.0","1","0.0"
"620","Matt Lengel","FA","TE","0.0","2","0.0"
"620","David Morgan","FA","TE","0.0","1","0.0"
"620","Jerell Adams","BAL","TE","0.0","1","0.0"
"620","David Grinnage","FA","TE","0.0","1","0.0"
"620","LeGarrette Blount","FA","RB","0.0","1","0.0"
"620","Cole Wick","NO","TE","0.0","1","0.0"
"620","Jerome Cunningham","FA","TE","0.0","3","0.0"
"620","Rob Gronkowski","TB","TE","0.0","1","0.0"
"620","Garrett Celek","FA","TE","0.0","6","0.0"
"620","Kyle Nelson","SF","TE","0.0","11","0.0"
"620","Lavon Coleman","FA","RB","0.0","1","0.0"
"620","Michael Burton","NO","RB","0.0","11","0.0"
"620","Chris Ivory","FA","RB","0.0","1","0.0"
"620","Antonio Gates","FA","TE","0.0","1","0.0"
"620","Brock Osweiler","FA","QB","0.0","1","0.0"
"620","Cooper Rush","NYG","QB","0.0","2","0.0"
"620","Alex Smith","WAS","QB","0.0","1","0.0"
"620","Taylor Heinicke","FA","QB","0.0","1","0.0"
"620","Joe Webb","FA","QB","0.0","1","0.0"
"620","Drew Anderson","FA","QB","0.0","1","0.0"
"620","Joshua Dobbs","JAC","QB","0.0","1","0.0"
"620","Brandon Weeden","FA","QB","0.0","1","0.0"
"620","Matt Cassel","FA","QB","0.0","1","0.0"
"620","Giorgio Tavecchio","FA","K","0.0","1","0.0"
"620","Matt McCrane","FA","K","0.0","1","0.0"
"620","Graham Gano","NYG","K","0.0","1","0.0"
"620","Kaare Vedvik","BUF","K","0.0","1","0.0"
"620","Caleb Sturgis","FA","K","0.0","1","0.0"
"620","Sebastian Janikowski","FA","K","0.0","1","0.0"
"620","C.J. Beathard","SF","QB","0.0","1","0.0"
"620","Chad Kelly","IND","QB","0.0","1","0.0"
"620","Detrez Newsome","FA","RB","0.0","1","0.0"
"620","D.J. Foster","ARI","RB","0.0","6","0.0"
"620","Jeremy Langford","FA","RB","0.0","1","0.0"
"620","Robert Turbin","FA","RB","0.0","2","0.0"
"620","Jamize Olawale","DAL","RB","0.0","16","0.0"
"620","Jeremy Hill","FA","RB","0.0","1","0.0"
"620","Tre Madden","FA","RB","0.0","1","0.0"
"620","David Fluellen","FA","RB","0.0","2","0.0"
"620","Rod Smith","LV","RB","0.0","7","0.0"
"620","Sam Bradford","FA","QB","0.0","1","0.0"
"620","Cullen Gillaspia","HOU","RB","0.0","16","0.0"
"620","Stevan Ridley","FA","RB","0.0","1","0.0"
"620","Chad Henne","KC","QB","0.0","1","0.0"
"620","Mark Sanchez","FA","QB","0.0","1","0.0"
"620","Andrew Luck","FA","QB","0.0","1","0.0"
"620","Nate Sudfeld","PHI","QB","0.0","1","0.0"
"620","Alex Ellis","NE","TE","0.0","3","0.0"
"620","Jake Butt","DEN","TE","0.0","1","0.0"
"620","Erik Swoope","FA","TE","0.0","1","0.0"
"620","Matt Slater","NE","WR","0.0","16","0.0"
"620","Jeremy Ross","FA","WR","0.0","1","0.0"
"620","Riley McCarron","FA","WR","0.0","1","0.0"
"620","Pierre Garcon","FA","WR","0.0","1","0.0"
"620","Torrey Smith","FA","WR","0.0","1","0.0"
"620","Max McCaffrey","FA","WR","0.0","1","0.0"
"620","Jordy Nelson","FA","WR","0.0","1","0.0"
"620","Andre Holmes","FA","WR","0.0","1","0.0"
"620","Mike Wallace","FA","WR","0.0","1","0.0"
"620","Leonte Carroo","FA","WR","0.0","1","0.0"
"620","Freddie Martino","FA","WR","0.0","1","0.0"
"620","Jeremy Kerley","FA","WR","0.0","1","0.0"
"620","Rashad Greene","FA","WR","0.0","1","0.0"
"620","Corey Coleman","NYG","WR","0.0","1","0.0"
"620","Saeed Blacknall","PIT","WR","0.0","1","0.0"
"620","Keenan Reynolds","FA","WR","0.0","1","0.0"
"620","James Jones","FA","WR","0.0","1","0.0"
"620","Charone Peake","FA","WR","0.0","1","0.0"
"620","A.J. Green","CIN","WR","0.0","1","0.0"
"620","Martavis Bryant","FA","WR","0.0","1","0.0"
"620","Doug Baldwin","FA","WR","0.0","1","0.0"
"620","Mose Frazier","FA","WR","0.0","1","0.0"
"620","J.J. Jones","FA","WR","0.0","1","0.0"
"620","Rod Streater","FA","WR","0.0","1","0.0"
"620","Darvin Kidsy","WAS","WR","0.0","4","0.0"
"620","J'Mon Moore","CLE","WR","0.0","1","0.0"
"620","Eli Rogers","FA","WR","0.0","1","0.0"
"620","Kaelin Clay","FA","WR","0.0","1","0.0"
"620","Josh Malone","NYJ","WR","0.0","3","0.0"
"620","Andy Jones","FA","WR","0.0","1","0.0"
"620","Darrius Heyward-Bey","FA","WR","0.0","1","0.0"
"620","Deonte Thompson","FA","WR","0.0","1","0.0"
"620","Derrick Willies","FA","WR","0.0","1","0.0"
"620","Brandon Marshall","FA","WR","0.0","1","0.0"
"620","Khari Lee","ATL","TE","0.0","1","0.0"
"620","River Cracraft","FA","WR","0.0","2","0.0"
"620","Gehrig Dieter","KC","WR","0.0","3","0.0"
"620","Richard Rodgers","WAS","TE","0.0","2","0.0"
"620","Kelvin Benjamin","FA","WR","0.0","1","0.0"
"620","Cam Phillips","FA","WR","0.0","1","0.0"
"620","Marcus Kemp","FA","WR","0.0","1","0.0"
"620","Equanimeous St. Brown","GB","WR","0.0","1","0.0"
"620","Beau Brinkley","TEN","TE","0.0","16","0.0"
"620","Jason Croom","BUF","TE","0.0","1","0.0"
"620","Alan Cross","FA","TE","0.0","1","0.0"
"620","Kamar Aiken","FA","WR","0.0","1","0.0"
"620","Brian Parker","FA","TE","0.0","1","0.0"
"620","Jordan Reed","SF","TE","0.0","1","0.0"
"620","Brandon Dillon","MIN","TE","0.0","1","0.0"
"620","Jermaine Gresham","FA","TE","0.0","1","0.0"
"620","Garrett Dickerson","NYG","TE","0.0","5","0.0"
"620","Dion Sims","FA","TE","0.0","1","0.0"
"620","Keon Hatcher","FA","WR","0.0","1","0.0"
"620","JoJo Natson","CLE","WR","0.0","12","0.0"
"620","Victor Bolden Jr.","DET","WR","0.0","1","0.0"
"620","Terrance Williams","FA","WR","0.0","1","0.0"
"620","Brandon LaFell","FA","WR","0.0","1","0.0"
"620","Daurice Fountain","IND","WR","0.0","1","0.0"
"620","Lance Lenoir Jr.","FA","WR","0.0","1","0.0"
"620","Keith Kirkwood","CAR","WR","0.0","1","0.0"
"620","Alonzo Russell","FA","WR","0.0","1","0.0"
"620","Jehu Chesson","NYJ","WR","0.0","1","0.0"
"620","Janarion Grant","FA","WR","0.0","1","0.0"
"620","Noah Brown","DAL","WR","0.0","1","0.0"
"620","Justin Hardee","NO","WR","0.0","16","0.0"
"620","Brandon Tate","FA","WR","0.0","1","0.0"
"620","Trenton Irwin","CIN","WR","0.0","1","0.0"
"793","Tim Boyle","GB","QB","-0.1","3","-0.0"
"795","Garrett Gilbert","CLE","QB","-0.3","6","-0.1"
"794","Nick Mullens","SF","QB","-0.3","2","-0.2"
"796","Jarrett Stidham","NE","QB","-0.6","3","-0.2"
"797","Blake Bortles","FA","QB","-0.8","4","-0.2"
"798","Darrius Shepherd","GB","WR","-1.4","6","-0.2"
"799","Michael Walker","JAC","WR","-1.5","7","-0.2"
"801","Ray-Ray McCloud","FA","WR","-2.0","6","-0.3"
"801","Greg Dortch","FA","WR","-2.0","2","-1.0"
"803","Corey Clement","PHI","RB","-4.0","4","-1.0"
"800","Quincy Enunwa","FA","WR","-1.9","1","-1.9"
""
""